name,D_deg_unw,D_deg_wm,D_er_unw,D_er_wm,I_real,dataset_type,N,E,mean_degree,is_weighted,lambda2,clustering,modularity,I_deg,I_ER,measured,cat
Bangkok_networkx_unit_edge.txt,0.08499486621819781,0.04668372893658764,0.0912132138577098,0.07062041144698207,0.003938311563693808,shl_road_2km,854.0,1084.0,2.53864168618267,True,0.0020494017272122,0.0051522248243559,0.8803985768922312,0.04668372893658764,0.07062041144698207,True,Road
Beijing_networkx_unit_edge.txt,0.10577935292452781,0.08879122045746395,0.09208623615201615,0.0755068040218588,1.0675549878457616e-05,shl_road_2km,678.0,898.0,2.6489675516224187,True,0.003284998600939,0.001229105211406,0.859096840468703,0.08879122045746395,0.0755068040218588,True,Road
Chilean_power_grid_with_tap_(Seung-Woo_Son).csv.cleaned.tsv,0.06290366030102106,0.05524618955837615,0.06937006110689703,0.05083465513938936,0.012855630970017946,tehnological_power_grid,304.0,384.0,2.526315789473684,True,0.0069875255694651,0.0870393312827523,0.7886052995886543,0.05524618955837615,0.05083465513938936,True,Power
Chilean_power_grid_without_tap_(Seung-Woo_Son).csv.cleaned.tsv,0.08338378900086936,0.07283410944695602,0.09983231623134346,0.05061956566325074,0.013530912212378452,tehnological_power_grid,280.0,358.0,2.557142857142857,True,0.0071404268341366,0.0842006802721088,0.8460441731544366,0.07283410944695602,0.05061956566325074,True,Power
Delhi_networkx_unit_edge.txt,0.04210192780637577,0.061128401740481154,0.07577085738814339,0.03146019195880162,0.05621852323969884,shl_road_2km,405.0,482.0,2.380246913580247,True,0.0038484553704228,0.031275720164609,0.8582791131441695,0.061128401740481154,0.03146019195880162,True,Road
Dhaka_networkx_unit_edge.txt,0.03827132634019573,0.03689479714811095,0.020922774362997276,0.06746172262234855,0.06238606974365745,shl_road_2km,300.0,310.0,2.066666666666667,True,0.0025544614431514,0.0,0.8755478011991202,0.03689479714811095,0.06746172262234855,True,Road
ENZYMES-g295.edges,0.040785860610963856,0.040785860610963856,0.048812186518219676,0.048812186518219676,0.03333410835608035,Chemistry,123.0,139.0,2.2601626016260163,False,0.0104205620624133,0.0059620596205962,0.7392215723823818,0.040785860610963856,0.048812186518219676,True,Chemistry
ENZYMES-g296.edges,0.042225727142468306,0.042225727142468306,0.05753801122808975,0.05753801122808975,0.024419323103220272,Chemistry,125.0,141.0,2.256,False,0.0100693928272521,0.0058666666666666,0.7679694180373221,0.042225727142468306,0.05753801122808975,True,Chemistry
ENZYMES-g297.edges,0.04032650375130492,0.04032650375130492,0.04264585033915009,0.04264585033915009,0.020982303710398022,Chemistry,121.0,149.0,2.462809917355372,False,0.0117273859375775,0.0512003148366784,0.7135264177289311,0.04032650375130492,0.04264585033915009,True,Chemistry
Global_air_network(2023)_edge_list.txt.cleaned.tsv,0.1291164828781104,0.09569232864180927,0.1628841686188572,0.1370147124787334,0.05668311220950707,transportation_airport,3231.0,18905.0,11.702259362426494,True,0.050626015180653,0.4889363677066082,0.6037440742878359,0.09569232864180927,0.1370147124787334,True,Transportation
Guangzhou_networkx_unit_edge.txt,0.0553084798374087,0.04727981573401307,0.06885967806272793,0.06398019888539488,0.016787271464012918,shl_road_2km,159.0,189.0,2.3773584905660377,True,0.0104037602881349,0.0,0.61598962084996,0.04727981573401307,0.06398019888539488,True,Road
HongKong_networkx_unit_edge.txt,0.12212242399021878,0.08976172964348149,0.09564291384369078,0.05718283430574475,0.008430015567421224,shl_road_2km,1112.0,1479.0,2.6600719424460437,True,0.002743826492581,0.0105215827338129,0.8933380332289365,0.08976172964348149,0.05718283430574475,True,Road
Jakarta_networkx_unit_edge.txt,0.04842398246231267,0.06220684817052466,0.09397485838564357,0.06651876954314265,0.0002106182812509257,shl_road_2km,232.0,291.0,2.5086206896551726,True,0.0073913534807778,0.0,0.8462556750509788,0.06220684817052466,0.06651876954314265,True,Road
Karachi_networkx_unit_edge.txt,0.06677733707950836,0.07061219181981859,0.06165114939060171,0.052993561847654046,9.249620578235846e-05,shl_road_2km,316.0,419.0,2.651898734177215,True,0.0034840197738342,0.0116033755274261,0.8360625205834186,0.07061219181981859,0.052993561847654046,True,Road
Kolkata_networkx_unit_edge.txt,0.10514214525603742,0.08857221971791428,0.08962739020181294,0.08671191244124685,0.00018266326024996078,shl_road_2km,1426.0,1856.0,2.603085553997195,True,0.0024492148209751,0.0,0.892213384368734,0.08857221971791428,0.08671191244124685,True,Road
Manila_networkx_unit_edge.txt,0.11195180704989627,0.08289012619250555,0.09314484126194526,0.06318780489537408,9.762304174339235e-07,shl_road_2km,733.0,1027.0,2.802182810368349,True,0.0047241760855226,0.009731696225557,0.8087209405879918,0.08289012619250555,0.06318780489537408,True,Road
Mumbai_networkx_unit_edge.txt,0.08792963492435979,0.07197562192870968,0.11573594031066449,0.07701864494898417,0.020168494688806358,shl_road_2km,507.0,727.0,2.8678500986193294,True,0.0062766730517166,0.008284023668639,0.832220991779556,0.07197562192870968,0.07701864494898417,True,Road
Nagoya_networkx_unit_edge.txt,0.12309726519574357,0.10254134131113236,0.10998945263335756,0.07545091315361907,0.00036611218260793125,shl_road_2km,566.0,947.0,3.3462897526501765,True,0.0107846706753213,0.0087161366313309,0.7852556294570736,0.10254134131113236,0.07545091315361907,True,Road
Openflights_airport_network_(2010)_edge_list.txt.cleaned.tsv,0.12870841337415845,0.09910258206105554,0.16127294155675237,0.13694912330500997,0.05256239156632087,transportation_airport,2905.0,15645.0,10.771084337349398,True,0.0408032902741222,0.4555169182348469,0.6051101802221119,0.09910258206105554,0.13694912330500997,True,Transportation
Osaka_networkx_unit_edge.txt,0.0888388607951387,0.09030197236834861,0.1146917478130713,0.10837178933149477,2.7994698336531875e-05,shl_road_2km,676.0,1029.0,3.044378698224852,True,0.004070088474716,0.0044378698224852,0.8135305431115863,0.09030197236834861,0.10837178933149477,True,Road
Seoul_networkx_unit_edge.txt,0.11137115434864239,0.10746111150866759,0.10316956018395966,0.08134504210544746,0.0029475616092095583,shl_road_2km,716.0,1036.0,2.893854748603352,True,0.0019845980858536,0.0023277467411545,0.858600052630828,0.10746111150866759,0.08134504210544746,True,Road
Shanghai_networkx_unit_edge.txt,0.10802091407824577,0.08356078238913692,0.09605708715606708,0.08994329211254702,8.833070537145889e-05,shl_road_2km,2378.0,3012.0,2.5332211942809084,True,0.0019188350716614,0.0015839641155032,0.9130271535623252,0.08356078238913692,0.08994329211254702,True,Road
Shenzhen_networkx_unit_edge.txt,0.02827547601497954,0.051111974351311956,0.05189475128416235,0.05474121524695714,0.038813769292844934,shl_road_2km,93.0,106.0,2.2795698924731185,True,0.0272484864587504,0.0,0.7104857096804751,0.051111974351311956,0.05474121524695714,True,Road
Taipei_networkx_unit_edge.txt,0.1154588473583124,0.1009566588275705,0.10645028803476927,0.08481458775309961,7.088931641124393e-09,shl_road_2km,1014.0,1587.0,3.1301775147928996,True,0.0059127751660374,0.0041091387245233,0.8468604637493502,0.1009566588275705,0.08481458775309961,True,Road
Tehran_networkx_unit_edge.txt,0.10468687660955271,0.090087551260894,0.08065164301544964,0.07505581967296673,0.0004276216082723445,shl_road_2km,435.0,638.0,2.933333333333333,True,0.0080663221719277,0.0057471264367816,0.818190287067458,0.090087551260894,0.07505581967296673,True,Road
Tokyo_networkx_unit_edge.txt,0.12305646083730726,0.11238522933106794,0.1049748397495824,0.10067065850635817,0.0013548215493410405,shl_road_2km,1253.0,1958.0,3.1252992817238625,True,0.0047759434725624,0.0028198989092843,0.8752476858042905,0.11238522933106794,0.10067065850635817,True,Road
US_airport_networks_(2010)_edge_list.txt.cleaned.tsv,0.13120967072452855,0.031582339774821666,0.1714978920424223,0.06085118839443901,0.0591587985295666,transportation_airport,1572.0,17214.0,21.900763358778622,True,0.2179531915931516,0.5047939546538639,0.3105655599495625,0.031582339774821666,0.06085118839443901,True,Transportation
Wuhan_networkx_unit_edge.txt,0.02885795416660108,0.03818524906838169,0.06018689995059406,0.055904147521130446,0.008950914304088472,shl_road_2km,117.0,156.0,2.6666666666666665,True,0.0196369071941349,0.033048433048433,0.559205723185345,0.03818524906838169,0.055904147521130446,True,Road
bio-DM-CX.edges,0.1303739287989182,0.1270744317062721,0.17264162347700585,0.17038965312868368,0.013189169048561634,Biological,4032.0,76712.0,38.0515873015873,True,0.1608791488903997,0.2680881790864886,0.5438852226681073,0.1270744317062721,0.17038965312868368,True,Biological
bio-SC-LC.edges,0.13076820778609294,0.1261539679047854,0.1714055765334242,0.16587988595940872,0.07050740500057123,Biological,1999.0,20447.0,20.457228614307155,True,0.1241397619358077,0.1665119123370128,0.4447836864211463,0.1261539679047854,0.16587988595940872,True,Biological
bio-WormNet-v3-benchmark.edges,0.14288136786682595,0.14288136786682595,0.17326391875254668,0.17326391875254668,0.05593687933374616,Biological,2274.0,78327.0,68.8891820580475,False,0.1675493292613896,0.8543696492083943,0.768703450426625,0.14288136786682595,0.17326391875254668,True,Biological
bio-celegans.mtx,0.10207760536762764,0.10207760536762764,0.1354010389879787,0.1354010389879787,0.07058889640259974,Biological,453.0,2025.0,8.940397350993377,False,0.2580004113501164,0.6464630921565051,0.4016054869684499,0.10207760536762764,0.1354010389879787,True,Biological
bn-fly-drosophila-medulla-1.edges,0.10073733110280884,0.10073733110280884,0.15644849294546312,0.15644849294546312,0.06939643951006462,Brain,1770.0,8905.0,10.062146892655369,False,0.3020082187653576,0.2644822152735207,0.3772782956663086,0.10073733110280884,0.15644849294546312,True,Brain
bn-macaque-rhesus-brain-1.edges,0.1342464342129858,0.1342464342129858,0.1649499830357421,0.1649499830357421,0.05608076474599863,Brain,242.0,3054.0,25.239669421487605,False,0.9391903418907548,0.4500518099852353,0.3069498535207136,0.1342464342129858,0.1649499830357421,True,Brain
bn-mouse-brain-1.edges,0.14250498815604445,0.14250498815604445,0.1744105313966294,0.1744105313966294,0.08717683996779084,Brain,213.0,16089.0,151.07042253521126,False,84.97507806521193,0.758261779684552,0.053730555771216,0.14250498815604445,0.1744105313966294,True,Brain
bn-mouse-kasthuri-graph-v4.edges,0.07483366246626594,0.07483366246626594,0.11665025885114977,0.11665025885114977,0.08558281655481985,Brain,987.0,1535.0,3.110435663627153,False,0.0484144380490238,0.0,0.636870205519422,0.07483366246626594,0.11665025885114977,True,Brain
bn-mouse-retina-1.edges,0.1477080785652443,0.1477080785652443,0.1894647962485608,0.1894647962485608,0.07873545301457159,Brain,1076.0,90811.0,168.79368029739777,False,0.9851882702818794,0.5906286899089397,0.2159977963460242,0.1477080785652443,0.1894647962485608,True,Brain
bn-mouse-visual-cortex-2.edges,0.0707861386360785,0.0707861386360785,0.07280219454298621,0.07280219454298621,0.09325233350135884,Brain,193.0,213.0,2.2072538860103625,False,0.033125963458279,0.0159531433964165,0.7521655756133043,0.0707861386360785,0.07280219454298621,True,Brain
ca-Erdos992.edges.cleaned.tsv,0.12760989943660242,0.12760989943660242,0.12319830076910951,0.12319830076910951,0.08184741941893027,collaboration_networks,5026.0,7456.0,2.9669717469160366,False,0.0194869827417718,0.0018119602447011,0.720291779368864,0.12760989943660242,0.12319830076910951,True,Collaboration
ca-GrQc.edges.cleaned.tsv,0.1285563867787563,0.1285563867787563,0.15338985733602387,0.15338985733602387,0.09737772055363035,collaboration_networks,4058.0,13415.0,6.611631345490389,False,0.0813617368611412,0.0030213330906653,0.5897492459875954,0.1285563867787563,0.15338985733602387,True,Collaboration
ca-netscience.edges.cleaned.tsv,0.0786489686756921,0.0786489686756921,0.11170285926310973,0.11170285926310973,0.029964283486260557,collaboration_networks,352.0,707.0,4.017045454545454,False,0.0487992622654306,0.3427420722010461,0.7915630520417165,0.0786489686756921,0.11170285926310973,True,Collaboration
ca-sandi_auths.edges.cleaned.tsv,0.06680616230228384,0.06680616230228384,0.06443862039725948,0.06443862039725948,0.05074386706183299,collaboration_networks,81.0,119.0,2.938271604938272,False,0.1527962819621268,0.0461404165107868,0.589118000141233,0.06680616230228384,0.06443862039725948,True,Collaboration
eco-foodweb-baydry.edges,0.14739901956318252,0.14739901956318252,0.1724733462767722,0.1724733462767722,0.057029907444027396,Ecology,128.0,2106.0,32.90625,False,1.926350573111104,0.3346418860120206,0.1458645041661819,0.14739901956318252,0.1724733462767722,True,Ecology
eco-foodweb-baywet.edges,0.14894386392942166,0.14894386392942166,0.1740297740553628,0.1740297740553628,0.07127922467565449,Ecology,128.0,2075.0,32.421875,False,1.9268668991371776,0.3346221811495259,0.1472456379735811,0.14894386392942166,0.1740297740553628,True,Ecology
econ-mbeacxc.mtx,0.13453584558485437,0.10403950378644646,0.18506091107364142,0.11294966709923487,0.06516182376439868,Economic,487.0,41686.0,171.19507186858317,True,3.9856477020888335,0.7227292201805865,0.1723001708753715,0.10403950378644646,0.11294966709923487,True,Economic
econ-psmigr1.mtx,0.15610745314417837,0.10830039810358139,0.19227743434367206,0.14689774314428247,0.07652414121895218,Economic,3140.0,410781.0,261.643949044586,True,4.9926228868154094,0.4963747215109449,0.4731414736814336,0.10830039810358139,0.14689774314428247,True,Economic
fb-pages-food.edges.cleaned.tsv,0.10320406434987002,0.10320406434987002,0.1402120260425855,0.1402120260425855,0.06148227097457367,social_networks_repo,620.0,2091.0,6.745161290322581,False,0.025796898530547,0.3308970263553273,0.6321502437743596,0.10320406434987002,0.1402120260425855,True,Social
fb-pages-government.edges.cleaned.tsv,0.13297959577493182,0.13297959577493182,0.16906657216810303,0.16906657216810303,0.06405941625206248,social_networks_repo,7057.0,89429.0,25.34476406404988,False,0.1794162524163684,0.4108842262244525,0.6315091636994804,0.13297959577493182,0.16906657216810303,True,Social
fb-pages-politician.edges.cleaned.tsv,0.13016924418025125,0.13016924418025125,0.16574606363907962,0.16574606363907962,0.0762287415019382,social_networks_repo,5908.0,41706.0,14.118483412322275,False,0.0355989638394442,0.3850961257932755,0.8149598426330549,0.13016924418025125,0.16574606363907962,True,Social
fb-pages-tvshow.edges.cleaned.tsv,0.12746104216270898,0.12746104216270898,0.15712205659589978,0.15712205659589978,0.07850247774711894,social_networks_repo,3892.0,17239.0,8.85868448098664,False,0.0107361427699259,0.3737384324597403,0.82869490592637,0.12746104216270898,0.15712205659589978,True,Social
ia-email-univ.mtx,0.12691502946456515,0.12691502946456515,0.14689651746737845,0.14689651746737845,0.08303207424100541,Interaction,1133.0,5451.0,9.62224183583407,False,0.3325603639560671,0.220176086504116,0.5033890600406193,0.12691502946456515,0.14689651746737845,True,Interaction
ia-infect-hyper.mtx,0.13542037638311558,0.13542037638311558,0.16636997340670664,0.16636997340670664,0.13292848847617825,Interaction,113.0,2196.0,38.86725663716814,False,0.9986534427140192,0.5347555956050044,0.0806132237451103,0.13542037638311558,0.16636997340670664,True,Interaction
ia-primary-school-proximity.edges,0.15109696502998385,0.1432422851714279,0.1822074442624473,0.15553124600385201,0.07783024802886893,Interaction,242.0,8317.0,68.73553719008264,True,17.035400143139814,0.5255415410620272,0.2590723862430842,0.1432422851714279,0.15553124600385201,True,Interaction
ia-reality.mtx,0.15124670416351482,0.15124670416351482,0.11779999599201811,0.11779999599201811,0.11208776828291615,Interaction,6809.0,7680.0,2.255837861653694,False,0.0154915375566777,0.0177709143817227,0.8731865607367622,0.15124670416351482,0.11779999599201811,True,Interaction
inf-USAir97.mtx.cleaned.tsv,0.1151406979919561,0.05580129654699043,0.1571294829053081,0.10270097479950821,0.015062303312601649,infrastructure_networks,332.0,2126.0,12.80722891566265,True,0.1204842021345659,0.625217249162503,0.1448702064835039,0.05580129654699043,0.10270097479950821,True,Infrastructure
inf-euroroad.edges.cleaned.tsv,0.09882790074353895,0.09882790074353895,0.08038727525825093,0.08038727525825093,0.025757776390745155,infrastructure_networks,1039.0,1305.0,2.512030798845043,False,0.0011602963048537,0.0189055410422109,0.864017556994172,0.09882790074353895,0.08038727525825093,True,Infrastructure
power-US-Grid.mtx,0.10220110418902799,0.10220110418902799,0.12522900792708122,0.12522900792708122,0.0052437090836147246,Power,4941.0,6594.0,2.66909532483303,False,0.0007592122113534,0.0801036110815971,0.9361333576934904,0.10220110418902799,0.12522900792708122,True,Power
power-bcspwr10.mtx,0.1257919135830379,0.1257919135830379,0.11560292023903924,0.11560292023903924,0.00842147510801988,Power,5300.0,8271.0,3.121132075471698,False,0.0009621700193025,0.0880352592899762,0.9267105179239806,0.1257919135830379,0.11560292023903924,True,Power
power-eris1176.mtx,0.12966679144428153,0.12966679144428153,0.1625607557799054,0.1625607557799054,0.03798199236600744,Power,1174.0,8687.0,14.798977853492334,False,0.002991990647033,0.432698292996053,0.7482480480187836,0.12966679144428153,0.1625607557799054,True,Power
road-minnesota.mtx,0.113523632685445,0.113523632685445,0.09846144366684345,0.09846144366684345,4.5643369962091497e-05,Road,2640.0,3302.0,2.5015151515151515,False,0.000844938594403,0.0159722222222222,0.9078298911035692,0.113523632685445,0.09846144366684345,True,Road
rt-twitter-copen.mtx,0.08491758358393724,0.08491758358393724,0.09742595082293583,0.09742595082293583,0.07435826207780093,Retweet,761.0,1029.0,2.704336399474376,False,0.032841954122816,0.0758800102831971,0.7475697484324842,0.08491758358393724,0.09742595082293583,True,Retweet
soc-advogato.edges.cleaned.tsv,0.116908497635751,0.116908497635751,0.16458944472100148,0.16458944472100148,0.0857317890738191,social_networks_repo,5054.0,39374.0,15.581321725366047,False,0.12062399950422,0.2525754349958971,0.343080250970096,0.116908497635751,0.16458944472100148,True,Social
soc-hamsterster.edges.cleaned.tsv,0.12832330135883066,0.12832330135883066,0.1630846149989857,0.1630846149989857,0.07468612545157043,social_networks_repo,2000.0,16097.0,16.097,False,0.1029379477935593,0.5399779368195858,0.4743063161968588,0.12832330135883066,0.1630846149989857,True,Social
soc-wiki-Vote.mtx,0.10895668416375431,0.10895668416375431,0.13083062716641497,0.13083062716641497,0.053410682754215656,Social,889.0,2914.0,6.555680539932508,False,0.0822132363074235,0.1528469473501429,0.5464242864188644,0.10895668416375431,0.13083062716641497,True,Social
soc-wiki-elec.edges.cleaned.tsv,0.10476134768962157,0.10476134768962157,0.17229060430104076,0.17229060430104076,0.08100068542856426,social_networks_repo,7066.0,100727.0,28.510331163317293,False,0.1650488976236594,0.1418390380417944,0.4247643923059218,0.10476134768962157,0.17229060430104076,True,Social
socfb-Caltech36.mtx,0.13638599718816394,0.13638599718816394,0.17390740914082936,0.17390740914082936,0.07403806801733782,Facebook,762.0,16651.0,43.70341207349082,False,0.686378781795241,0.4091173048334612,0.3148612984296043,0.13638599718816394,0.17390740914082936,True,Social
socfb-Dartmouth6.mtx,0.12816109693397362,0.12816109693397362,0.17096360263412247,0.17096360263412247,0.03603048795179321,Facebook,7677.0,304065.0,79.21453692848769,False,0.1973426862529363,0.243599983875615,0.4439492825070291,0.12816109693397362,0.17096360263412247,True,Social
socfb-Duke14.mtx,0.12319837249792127,0.12319837249792127,0.17082954912489554,0.17082954912489554,0.03693399068338427,Facebook,9885.0,506437.0,102.46575619625696,False,0.2250837395651148,0.2455419816050627,0.46988736669836,0.12319837249792127,0.17082954912489554,True,Social
socfb-MIT.mtx,0.12864252292484413,0.12864252292484413,0.17075540188718732,0.17075540188718732,0.07138571265931551,Facebook,6402.0,251230.0,78.48484848484848,False,0.2619883425196989,0.2723599965883864,0.3926653189834256,0.12864252292484413,0.17075540188718732,True,Social
socfb-Mich67.mtx,0.13420653612689712,0.13420653612689712,0.1712459238749291,0.1712459238749291,0.02673034621934887,Facebook,3745.0,81901.0,43.7388518024032,False,0.2588703941128503,0.2818138151719416,0.4097844205167168,0.13420653612689712,0.1712459238749291,True,Social
socfb-Williams40.mtx,0.14494993761108083,0.14494993761108083,0.17464729044333674,0.17464729044333674,0.049080002173740735,Facebook,2788.0,112985.0,81.05093256814921,False,0.3778642597260885,0.2915213979083698,0.4337444014745484,0.14494993761108083,0.17464729044333674,True,Social
tech-WHOIS.mtx,0.1305759731659206,0.1305759731659206,0.16645512341125465,0.16645512341125465,0.07549401696492376,Technological,7476.0,56943.0,15.23354735152488,False,0.144743993535371,0.4889232938661366,0.5797954432239687,0.1305759731659206,0.16645512341125465,True,Technological
tech-routers-rf.mtx,0.11907333367608587,0.11907333367608587,0.15098318895756144,0.15098318895756144,0.07016555530600124,Technological,2113.0,6632.0,6.277330809275911,False,0.0344452500308567,0.2464293753491836,0.6915753421107006,0.11907333367608587,0.15098318895756144,True,Technological
web-EPA.edges,0.11045561823776892,0.11045561823776892,0.12647997193369293,0.12647997193369293,0.09034018270116288,Web,4253.0,8896.0,4.183399952974371,False,0.0654499647153962,0.0713763592666594,0.6387071800518218,0.11045561823776892,0.12647997193369293,True,Web
web-edu.mtx,0.11242358804563654,0.11242358804563654,0.1333845189653578,0.1333845189653578,0.13919921560477652,Web,3031.0,6474.0,4.27185747278126,False,0.0045612992689145,0.5641840121187356,0.9505543740514206,0.11242358804563654,0.1333845189653578,True,Web
web-polblogs.mtx,0.10057234482907841,0.10057234482907841,0.13753094234047036,0.13753094234047036,0.059215875682723886,Web,643.0,2280.0,7.091757387247278,False,0.1059425181692375,0.2320161939769754,0.5274562365343182,0.10057234482907841,0.13753094234047036,True,Web
web-spam.mtx,0.12502781968109017,0.12502781968109017,0.1638771108528244,0.1638771108528244,0.058389870622128276,Web,4767.0,37375.0,15.680721627858192,False,0.0669630833714663,0.2859785223864208,0.5031519858614557,0.12502781968109017,0.1638771108528244,True,Web
eco-florida.edges,0.14821423101236422,0.14821423101236422,0.1740297740553628,0.1740297740553628,0.07127922467565449,Ecology,128.0,2075.0,32.421875,False,,,,0.14821423101236422,0.1740297740553628,True,Ecology
ia-radoslaw-email.edges,0.12272716840561931,0.12272716840561931,0.17993954066299914,0.17993954066299914,0.07876961307684,Interaction,167.0,3250.0,38.92215568862275,False,,,,0.12272716840561931,0.17993954066299914,True,Interaction
rt-libya.edges,0.07505676666345414,0.07505676666345414,0.11866660062555051,0.11866660062555051,0.0708223100033857,Retweet,5067.0,5540.0,2.18669824353661,False,,,,0.07505676666345414,0.11866660062555051,True,Retweet
rt-lolgop.edges,0.19510560305140529,0.19510560305140529,0.12949255091276943,0.12949255091276943,0.1931186154879352,Retweet,9765.0,10075.0,2.0634920634920637,False,,,,0.19510560305140529,0.12949255091276943,True,Retweet
rt-mittromney.edges,0.09952783251955843,0.09952783251955843,0.12218272763898273,0.12218272763898273,0.0936175137587137,Retweet,7974.0,8534.0,2.1404564835716076,False,,,,0.09952783251955843,0.12218272763898273,True,Retweet
rt-occupywallstnyc.edges,0.18195526290628097,0.18195526290628097,0.0793744699342359,0.0793744699342359,0.17934309681614186,Retweet,3609.0,3830.0,2.122471598780826,False,,,,0.18195526290628097,0.0793744699342359,True,Retweet
rt-tcot.edges,0.08878864080297105,0.08878864080297105,0.10946343554385843,0.10946343554385843,0.07106630860166605,Retweet,4547.0,5501.0,2.4196173301077635,False,,,,0.08878864080297105,0.10946343554385843,True,Retweet
the_reduced_Chilean_power_grid_(Seung-Woo_Son).csv.cleaned.tsv,0.09549578117042076,0.09549578117042076,0.1143668239677015,0.1143668239677015,0.05424111468642212,tehnological_power_grid,218.0,527.0,4.834862385321101,False,,,,0.09549578117042076,0.1143668239677015,True,Power
